{"initial_reset_timestamp": 1603830849.86253, "timestamps": [1603830849.975274, 1603830850.087123, 1603830850.197322, 1603830850.3081112, 1603830850.416209], "episode_lengths": [200, 200, 200, 200, 200], "episode_rewards": [-30.814764014065233, -31.696258917807363, -48.131134740821665, -54.19076599976756, -35.14366367046328], "episode_types": ["t", "t", "t", "t", "t", "t"]}